{
    "GyroBiasX": 0.000376252584498037,
    "GyroBiasY": -9.195458595499848e-05,
    "GyroBiasZ": 0.0007428507123029593,
    "AccelMinX": -1.0216258298685623,
    "AccelMaxX": -0.9836588541666667,
    "AccelMinY": 0.9975502825797873,
    "AccelMaxY": 1.0024643596420941,
    "AccelMinZ": 0.9708612727732794,
    "AccelMaxZ": 1.057268582857572
}